tau,c,alpha_opt,cov00_opt,max_M_spec_norm,mean_l2_opt,mean_l2_mar,mean_l2_base,mean_l2_ols,mean_len_opt,mean_len_mar,mean_len_base,mean_len_ols,covg_opt,covg_mar,covg_base,covg_ols
25.0,50.0,"[0.5, 0.002099999925121665, 0.49790000915527344]",126.5707,1.8401,0.396,0.4131,0.3584,0.4067,0.7091,0.6822,0.7127,0.794,0.98,0.94,0.96,0.95
27.0,50.0,"[0.5400000214576721, 0.0019000000320374966, 0.45809999108314514]",119.574,2.1331,0.3874,0.3986,0.3527,0.4002,0.6885,0.6635,0.6871,0.7606,0.99,0.98,0.94,0.95
29.0,50.0,"[0.5799999833106995, 0.0017000000225380063, 0.41839998960494995]",113.5425,2.1517,0.3688,0.3772,0.3486,0.3868,0.6702,0.6519,0.6716,0.7345,1.0,0.97,0.98,0.96
31.0,50.0,"[0.6200000047683716, 0.001500000013038516, 0.37860000133514404]",108.2894,2.1212,0.3544,0.3657,0.3343,0.3529,0.6544,0.6364,0.6562,0.7108,0.99,0.96,0.96,0.99
33.0,50.0,"[0.6600000262260437, 0.0013000000035390258, 0.33880001306533813]",103.6732,2.5271,0.3586,0.3403,0.3573,0.407,0.639,0.6223,0.6399,0.6875,1.0,0.97,1.0,0.98
35.0,50.0,"[0.699999988079071, 0.0010999999940395355, 0.2989000082015991]",99.5846,2.5035,0.3548,0.3384,0.3189,0.3271,0.6253,0.6117,0.6265,0.6694,0.99,0.99,0.97,0.98
37.0,50.0,"[0.7400000095367432, 0.0008999999845400453, 0.2590999901294708]",95.9381,3.2784,0.3459,0.3057,0.2966,0.3429,0.6137,0.6003,0.6149,0.6509,1.0,0.98,0.97,0.98
39.0,50.0,"[0.7799999713897705, 0.000699999975040555, 0.21930000185966492]",92.6658,3.9286,0.3335,0.3327,0.3056,0.3394,0.6027,0.5913,0.6041,0.6327,1.0,1.0,0.99,0.98
41.0,50.0,"[0.8199999928474426, 0.0006000000284984708, 0.1793999969959259]",89.7126,6.0245,0.3309,0.3063,0.3066,0.2968,0.5929,0.5832,0.5921,0.6164,1.0,0.98,0.99,0.98
